Date,,Opp,W/L,SFG,SFGA,SFG%,S3P,S3PA,S3P%,SFT,SFTA,SFT%,SORB,STRB,SAST,SSTL,SBLK,STOV,SPF,,OFG,OFGA,OFG%,O3P,O3PA,O3P%,OFT,OFTA,OFT%,OORB,OTRB,OAST,OSTL,OBLK,OTOV,OPF
11/12/2010,N,Central Michigan,L,24,46,0.522,8,15,0.533,11,24,0.458,5,24,12,4,1,10,15,,27,65,0.415,9,17,0.529,7,11,0.636,15,35,15,5,3,10,19
11/13/2010,@,Hawaii,L,25,62,0.403,9,32,0.281,11,13,0.846,13,29,11,7,2,16,19,,28,54,0.519,10,24,0.417,18,23,0.783,10,28,15,8,6,14,15
11/15/2010,N,Montana State,L,24,52,0.462,10,27,0.37,18,20,0.9,5,28,14,5,3,13,18,,27,63,0.429,9,30,0.3,17,23,0.739,13,36,15,8,1,9,18
11/21/2010,@,San Diego,W,19,48,0.396,6,20,0.3,18,23,0.783,11,36,10,9,1,18,22,,20,52,0.385,6,15,0.4,13,22,0.591,11,32,12,3,3,15,20
11/24/2010,@,USC,L,20,57,0.351,5,23,0.217,9,14,0.643,5,26,9,9,1,16,21,,29,55,0.527,6,12,0.5,17,24,0.708,9,40,14,8,3,16,12
11/27/2010,,Cal State Bakersfield,W,23,45,0.511,6,13,0.462,33,37,0.892,12,40,16,4,1,14,22,,25,59,0.424,7,15,0.467,18,24,0.75,7,20,10,4,3,6,26
11/30/2010,@,Montana,L,23,63,0.365,5,16,0.313,16,23,0.696,15,39,11,6,1,17,30,,23,58,0.397,1,13,0.077,28,42,0.667,16,42,17,10,11,12,21
12/4/2010,,San Diego,W,27,46,0.587,8,15,0.533,28,38,0.737,6,25,19,3,1,9,22,,21,43,0.488,5,15,0.333,29,35,0.829,5,23,7,1,1,17,27
12/8/2010,@,Arizona,L,24,50,0.48,7,13,0.538,7,13,0.538,5,19,15,6,0,15,23,,26,58,0.448,8,25,0.32,13,18,0.722,16,36,16,2,4,15,14
12/12/2010,@,Portland State,L,34,57,0.596,9,20,0.45,12,17,0.706,10,25,19,5,3,16,22,,32,61,0.525,10,28,0.357,19,23,0.826,10,27,19,6,2,12,18
12/18/2010,,Occidental,W,27,46,0.587,7,19,0.368,15,19,0.789,7,22,20,5,0,9,12,,18,43,0.419,4,11,0.364,8,10,0.8,8,19,7,3,0,18,16
12/22/2010,,Montana,L,19,58,0.328,3,14,0.214,16,23,0.696,11,29,8,2,0,11,24,,22,48,0.458,3,14,0.214,24,29,0.828,8,37,13,4,4,15,20
12/28/2010,,UC-Davis,L,27,62,0.435,3,15,0.2,15,20,0.75,11,35,14,4,1,14,19,,30,60,0.5,13,32,0.406,15,18,0.833,6,32,17,6,2,12,17
12/30/2010,,Pacific,W,21,51,0.412,4,14,0.286,8,12,0.667,9,28,9,5,1,3,14,,16,44,0.364,8,28,0.286,11,16,0.688,7,29,8,1,1,9,13
1/5/2011,@,UC-Irvine,L,27,56,0.482,5,19,0.263,19,22,0.864,10,35,8,5,1,24,28,,26,57,0.456,9,26,0.346,24,38,0.632,10,30,15,15,1,18,20
1/8/2011,@,UC-Riverside,W (1 OT),31,65,0.477,9,18,0.5,12,23,0.522,13,47,8,7,3,21,25,,25,66,0.379,10,30,0.333,17,26,0.654,11,33,13,10,5,15,19
1/13/2011,@,Cal Poly,L,18,55,0.327,2,18,0.111,16,22,0.727,15,37,7,7,2,12,17,,21,53,0.396,8,22,0.364,8,13,0.615,13,33,12,3,9,9,18
1/15/2011,@,Cal State Northridge,L,19,52,0.365,6,19,0.316,21,33,0.636,6,26,12,4,1,14,27,,30,54,0.556,8,16,0.5,21,33,0.636,9,40,27,5,4,12,25
1/19/2011,,Long Beach State,W,31,60,0.517,4,11,0.364,23,33,0.697,13,36,12,9,2,11,20,,32,61,0.525,9,21,0.429,14,19,0.737,10,31,14,1,0,15,22
1/22/2011,,UCSB,W,18,44,0.409,3,12,0.25,24,31,0.774,10,29,11,8,3,17,11,,20,51,0.392,8,23,0.348,10,13,0.769,6,25,15,2,7,21,21
1/25/2011,@,Cal State Bakersfield,L,25,56,0.446,5,14,0.357,20,27,0.741,9,33,13,4,0,15,22,,21,58,0.362,8,27,0.296,27,32,0.844,13,37,18,10,6,11,20
1/29/2011,@,Long Beach State,L,24,63,0.381,5,17,0.294,7,11,0.636,9,30,8,7,2,15,19,,25,57,0.439,7,24,0.292,18,25,0.72,10,41,19,11,4,12,12
2/3/2011,,UC-Irvine,W,27,51,0.529,8,18,0.444,18,22,0.818,5,31,15,3,2,15,18,,24,61,0.393,11,32,0.344,15,18,0.833,9,25,11,3,2,13,23
2/5/2011,,UC-Riverside,L,20,43,0.465,9,21,0.429,20,23,0.87,8,27,7,2,1,19,22,,25,56,0.446,7,16,0.438,13,16,0.813,11,26,13,3,0,14,17
2/10/2011,,Cal State Northridge,L,21,44,0.477,6,13,0.462,20,29,0.69,5,27,15,3,2,17,16,,24,55,0.436,10,25,0.4,12,21,0.571,7,29,13,3,3,15,21
2/16/2011,@,UCSB,L,25,58,0.431,4,9,0.444,17,23,0.739,4,22,16,6,0,13,21,,28,50,0.56,10,20,0.5,20,25,0.8,6,30,26,9,5,16,19
2/19/2011,@,Idaho State,L,27,54,0.5,6,15,0.4,19,26,0.731,12,31,12,7,6,17,22,,24,50,0.48,12,28,0.429,24,31,0.774,8,21,13,10,1,10,21
2/26/2011,,Cal Poly,L,25,60,0.417,9,22,0.409,11,18,0.611,12,31,15,3,1,9,20,,21,50,0.42,12,27,0.444,21,29,0.724,11,34,14,1,0,9,15
3/3/2011,@,Pacific,W,30,56,0.536,11,16,0.688,11,15,0.733,9,32,22,4,1,10,21,,26,57,0.456,7,22,0.318,21,30,0.7,7,25,15,6,8,8,15
3/5/2011,@,UC-Davis,W,28,59,0.475,12,27,0.444,19,23,0.826,8,35,17,5,1,12,17,,27,62,0.435,12,29,0.414,16,23,0.696,8,30,15,6,1,10,15
3/10/2011,N,Cal State Northridge,L,19,56,0.339,4,15,0.267,12,27,0.444,12,30,8,4,0,16,27,,24,48,0.5,5,13,0.385,22,34,0.647,7,40,6,4,8,17,21
11/11/2011,,Redlands,W,41,74,0.554,11,27,0.407,25,39,0.641,17,54,21,17,1,23,21,,22,66,0.333,7,22,0.318,17,25,0.68,8,26,14,9,0,24,24
11/18/2011,N,Nicholls State,W,21,45,0.467,7,21,0.333,24,35,0.686,8,32,15,7,4,21,22,,23,49,0.469,5,13,0.385,12,21,0.571,5,19,8,5,3,17,23
11/19/2011,@,Louisiana,W,22,52,0.423,8,20,0.4,17,29,0.586,11,33,11,4,3,22,32,,24,51,0.471,1,9,0.111,14,27,0.519,7,27,8,6,2,20,26
11/20/2011,N,Houston Baptist,L,28,60,0.467,2,15,0.133,25,39,0.641,19,45,8,2,1,15,21,,32,64,0.5,10,19,0.526,14,17,0.824,8,25,9,2,3,10,23
11/26/2011,,Cal State Bakersfield,L,24,55,0.436,5,18,0.278,13,21,0.619,9,32,12,9,1,21,21,,29,60,0.483,2,13,0.154,13,24,0.542,14,36,10,7,8,15,20
12/1/2011,@,Wichita State,L,24,51,0.471,4,18,0.222,8,15,0.533,4,25,9,13,2,23,19,,27,56,0.482,5,17,0.294,16,23,0.696,10,34,17,9,2,18,15
12/3/2011,@,Southern Illinois-Edwardsville,W,25,50,0.5,10,21,0.476,19,24,0.792,12,38,15,5,0,15,18,,20,52,0.385,5,19,0.263,12,18,0.667,7,22,7,4,0,13,21
12/7/2011,@,Utah,W,29,51,0.569,11,24,0.458,12,15,0.8,10,44,21,3,1,14,18,,18,51,0.353,6,16,0.375,8,16,0.5,3,16,12,7,3,7,14
12/11/2011,,Eastern Washington,W,28,53,0.528,11,20,0.55,24,32,0.75,8,35,20,2,4,13,13,,30,70,0.429,11,29,0.379,5,11,0.455,12,30,13,6,8,10,26
12/17/2011,,La Verne,W,34,59,0.576,6,16,0.375,12,20,0.6,10,40,16,4,4,13,11,,16,63,0.254,8,30,0.267,4,7,0.571,10,27,5,2,1,19,21
12/22/2011,,Portland State,W,33,67,0.493,11,25,0.44,15,18,0.833,10,34,16,3,1,10,15,,34,64,0.531,7,17,0.412,11,13,0.846,7,28,13,1,2,12,17
12/29/2011,,UC-Davis,W,22,56,0.393,5,14,0.357,16,23,0.696,13,29,14,3,3,9,13,,25,53,0.472,8,18,0.444,6,8,0.75,9,33,11,1,1,14,21
1/2/2012,,Pacific,W,27,50,0.54,12,25,0.48,12,14,0.857,8,32,14,4,1,16,17,,27,57,0.474,9,22,0.409,10,16,0.625,9,23,15,0,2,12,14
1/5/2012,@,UCSB,L,23,67,0.343,7,24,0.292,11,18,0.611,16,39,12,5,2,12,23,,25,54,0.463,8,16,0.5,19,29,0.655,12,41,16,9,7,12,18
1/7/2012,@,Cal Poly,L,21,43,0.488,8,17,0.471,17,30,0.567,4,28,12,5,6,15,21,,24,59,0.407,5,14,0.357,20,30,0.667,14,33,8,5,3,7,20
1/14/2012,@,Cal State Bakersfield,L,20,52,0.385,7,23,0.304,18,27,0.667,11,30,14,10,5,19,21,,23,51,0.451,3,11,0.273,18,26,0.692,8,30,13,11,5,14,20
1/18/2012,,UC-Riverside,W,28,54,0.519,8,20,0.4,8,11,0.727,9,32,13,7,3,16,19,,23,54,0.426,6,20,0.3,9,15,0.6,4,17,10,5,3,11,16
1/21/2012,@,UC-Irvine,W,27,52,0.519,13,20,0.65,25,33,0.758,12,34,15,7,4,17,16,,28,63,0.444,14,31,0.452,14,19,0.737,10,26,22,6,3,15,24
1/26/2012,@,Cal State Northridge,W,25,53,0.472,10,26,0.385,10,19,0.526,10,29,17,5,5,15,17,,22,56,0.393,8,16,0.5,16,18,0.889,12,30,15,6,3,12,20
1/28/2012,@,Long Beach State,L,26,57,0.456,5,13,0.385,4,4,1,8,26,7,9,2,21,19,,27,53,0.509,7,18,0.389,14,25,0.56,10,28,15,11,3,18,11
2/2/2012,,Cal Poly,W,31,54,0.574,10,21,0.476,11,17,0.647,7,30,19,8,2,12,16,,23,50,0.46,3,11,0.273,12,19,0.632,8,24,13,2,3,14,17
2/4/2012,,UCSB,W,31,59,0.525,17,26,0.654,20,26,0.769,10,32,22,3,8,10,23,,26,63,0.413,11,18,0.611,23,31,0.742,15,30,16,1,4,9,22
2/9/2012,,UC-Irvine,W,30,56,0.536,9,15,0.6,31,35,0.886,9,29,17,4,3,15,25,,33,61,0.541,9,20,0.45,19,22,0.864,8,25,17,4,3,13,25
2/15/2012,@,UC-Riverside,W,29,63,0.46,9,17,0.529,10,16,0.625,13,37,17,7,1,15,14,,26,54,0.481,3,13,0.231,9,16,0.563,4,26,13,5,4,15,14
2/18/2012,,Montana State,W,30,52,0.577,8,13,0.615,12,12,1,6,23,19,4,2,16,22,,19,47,0.404,8,20,0.4,20,25,0.8,6,18,14,2,3,17,14
2/23/2012,@,Pacific,W,27,57,0.474,10,30,0.333,5,10,0.5,11,35,16,3,2,15,21,,21,52,0.404,6,15,0.4,20,27,0.741,10,31,13,6,1,11,14
2/25/2012,@,UC-Davis,L,27,65,0.415,8,31,0.258,13,23,0.565,10,29,13,9,8,11,22,,25,60,0.417,9,24,0.375,19,25,0.76,13,42,14,6,6,17,16
2/29/2012,,Cal State Northridge,W,26,57,0.456,11,30,0.367,24,35,0.686,12,33,18,3,2,8,19,,26,63,0.413,5,17,0.294,19,25,0.76,15,36,11,0,3,9,24
3/3/2012,,Long Beach State,W,24,61,0.393,9,21,0.429,20,25,0.8,13,38,12,2,2,13,21,,24,58,0.414,6,19,0.316,20,27,0.741,10,34,12,2,4,12,19
3/8/2012,N,UC-Irvine,L,23,62,0.371,5,20,0.25,8,9,0.889,13,36,13,3,1,17,16,,23,49,0.469,10,22,0.455,9,16,0.563,7,26,13,3,2,16,13
3/14/2012,@,Loyola Marymount,L,27,76,0.355,9,27,0.333,16,25,0.64,18,40,16,4,0,13,27,,25,59,0.424,6,23,0.261,32,40,0.8,10,39,10,6,6,12,18
11/12/2012,@,Stanford,L,23,53,0.434,9,22,0.409,13,17,0.765,5,29,12,5,1,25,25,,29,64,0.453,2,13,0.154,21,27,0.778,12,35,11,8,1,15,20
11/16/2012,@,Nevada,L,25,53,0.472,9,21,0.429,18,22,0.818,8,29,15,9,1,17,26,,26,57,0.456,6,23,0.261,22,30,0.733,10,27,15,9,6,15,19
11/17/2012,N,Southern Utah,W,37,57,0.649,12,17,0.706,26,35,0.743,5,24,30,20,1,18,26,,23,50,0.46,6,17,0.353,17,26,0.654,9,25,14,7,3,31,27
11/18/2012,N,Green Bay,W,29,53,0.547,10,20,0.5,25,29,0.862,5,25,17,6,1,12,25,,26,61,0.426,4,24,0.167,26,34,0.765,16,38,17,8,1,14,22
11/23/2012,,San Diego Christian,W,41,72,0.569,13,32,0.406,11,19,0.579,13,49,25,9,3,14,12,,22,70,0.314,9,28,0.321,7,14,0.5,16,37,15,9,4,19,17
11/30/2012,@,Eastern Washington,L,24,63,0.381,7,22,0.318,20,25,0.8,10,33,13,12,1,13,25,,26,57,0.456,7,20,0.35,20,29,0.69,12,40,16,8,4,19,19
12/2/2012,@,Washington,L,30,71,0.423,7,22,0.318,5,10,0.5,13,34,14,8,1,13,21,,24,60,0.4,4,16,0.25,22,30,0.733,11,35,15,4,5,12,15
12/6/2012,,Cal State Bakersfield,L,21,55,0.382,9,27,0.333,19,22,0.864,6,29,11,5,2,14,19,,27,66,0.409,4,16,0.25,14,20,0.7,14,41,11,4,2,15,19
12/13/2012,,Idaho State,W,23,51,0.451,6,22,0.273,14,15,0.933,6,26,12,7,2,10,20,,17,45,0.378,4,14,0.286,15,19,0.789,7,28,8,7,1,17,17
12/16/2012,@,Texas Southern,W,34,56,0.607,8,17,0.471,17,21,0.81,5,24,19,6,0,10,14,,33,59,0.559,11,25,0.44,9,12,0.75,6,22,23,3,3,13,20
12/22/2012,,Hope International,W,37,68,0.544,6,17,0.353,7,12,0.583,13,37,16,6,1,8,16,,26,57,0.456,5,11,0.455,8,12,0.667,6,25,11,2,2,16,13
12/29/2012,,UCSB,W,26,49,0.531,14,30,0.467,20,21,0.952,4,22,17,6,1,7,10,,31,64,0.484,15,36,0.417,2,3,0.667,13,33,20,3,1,14,17
1/3/2013,@,Hawaii,L,36,70,0.514,10,23,0.435,6,11,0.545,10,26,15,14,2,14,19,,36,64,0.563,6,16,0.375,12,20,0.6,13,34,20,6,2,20,14
1/5/2013,@,Cal State Northridge,W,34,58,0.586,12,23,0.522,25,31,0.806,5,24,15,7,3,16,17,,34,79,0.43,3,11,0.273,15,18,0.833,19,39,19,10,4,13,25
1/9/2013,@,Cal State Bakersfield,W,29,55,0.527,5,16,0.313,11,18,0.611,7,28,17,12,1,14,17,,21,41,0.512,7,18,0.389,13,20,0.65,3,26,14,7,0,24,18
1/12/2013,,UC-Riverside,W,23,54,0.426,9,25,0.36,16,20,0.8,6,19,15,12,1,10,16,,28,45,0.622,5,15,0.333,8,15,0.533,8,30,11,5,0,23,16
1/17/2013,,UC-Irvine,L,22,58,0.379,6,19,0.316,15,17,0.882,5,23,15,6,2,12,18,,35,62,0.565,12,27,0.444,10,14,0.714,10,39,18,6,8,14,17
1/19/2013,,Long Beach State,L,27,69,0.391,5,24,0.208,12,15,0.8,11,28,14,5,3,8,22,,27,57,0.474,6,18,0.333,21,29,0.724,15,45,17,3,2,18,18
1/24/2013,@,UC-Davis,W,34,62,0.548,12,23,0.522,15,19,0.789,8,30,19,8,1,11,20,,27,53,0.509,10,22,0.455,24,29,0.828,7,26,14,5,3,13,17
1/26/2013,@,Pacific,L,23,55,0.418,12,24,0.5,9,10,0.9,4,28,12,6,2,16,14,,26,52,0.5,8,13,0.615,11,20,0.55,2,28,20,6,2,12,14
1/31/2013,,Cal State Northridge,L,30,63,0.476,9,26,0.346,17,24,0.708,6,24,14,9,1,13,23,,33,62,0.532,3,11,0.273,23,33,0.697,15,42,17,5,4,19,20
2/2/2013,,Hawaii,L,29,65,0.446,6,23,0.261,11,14,0.786,7,34,15,5,1,14,22,,26,54,0.481,6,15,0.4,19,28,0.679,4,29,15,8,4,13,14
2/9/2013,@,UC-Riverside,W,25,51,0.49,11,31,0.355,18,20,0.9,5,21,15,5,2,8,18,,26,48,0.542,4,15,0.267,11,20,0.55,7,29,20,2,2,13,18
2/13/2013,@,Long Beach State,L,24,68,0.353,9,28,0.321,8,9,0.889,13,28,13,7,2,11,11,,35,68,0.515,6,21,0.286,9,12,0.75,18,47,15,9,5,16,13
2/16/2013,@,UC-Irvine,L,22,55,0.4,7,21,0.333,15,26,0.577,8,28,12,12,2,13,17,,34,66,0.515,11,25,0.44,7,12,0.583,13,41,26,4,5,16,18
2/20/2013,,Cal Poly,W,28,50,0.56,6,16,0.375,15,20,0.75,6,27,14,5,2,11,16,,23,59,0.39,8,26,0.308,6,10,0.6,13,32,11,4,5,14,15
2/23/2013,@,Texas A&M-Corpus Christi,W,19,42,0.452,6,18,0.333,19,28,0.679,3,23,9,5,3,9,17,,22,47,0.468,5,18,0.278,8,13,0.615,3,26,17,5,3,12,21
2/28/2013,,Pacific,L,16,52,0.308,7,24,0.292,16,24,0.667,11,25,11,8,1,12,21,,22,45,0.489,4,12,0.333,16,21,0.762,7,33,16,4,1,17,21
3/2/2013,,UC-Davis,L,22,51,0.431,8,24,0.333,16,19,0.842,4,21,12,9,1,9,17,,27,53,0.509,8,15,0.533,9,15,0.6,11,37,16,3,3,16,18
3/7/2013,@,UCSB,L,17,48,0.354,3,15,0.2,13,22,0.591,8,21,7,5,2,10,17,,24,54,0.444,4,13,0.308,14,20,0.7,16,40,13,7,5,14,20
3/9/2013,@,Cal Poly,L,20,41,0.488,6,17,0.353,14,16,0.875,7,24,9,3,3,14,18,,21,47,0.447,5,13,0.385,15,20,0.75,8,22,16,7,1,8,15
3/14/2013,N,Long Beach State,L,25,51,0.49,7,15,0.467,9,16,0.563,6,16,18,6,2,8,16,,29,50,0.58,6,14,0.429,11,19,0.579,14,33,14,4,4,14,19
11/9/2013,@,Montana State,W,30,56,0.536,9,18,0.5,15,17,0.882,8,32,12,9,0,8,21,,16,47,0.34,2,20,0.1,21,27,0.778,8,23,6,4,2,12,16
11/13/2013,@,Seattle,L,24,55,0.436,7,22,0.318,16,24,0.667,9,35,8,3,2,11,23,,24,54,0.444,12,25,0.48,15,24,0.625,4,25,17,6,0,9,21
11/16/2013,,Santa Clara,W,35,65,0.538,7,14,0.5,9,12,0.75,8,36,18,5,3,16,24,,25,67,0.373,6,18,0.333,17,24,0.708,14,33,12,7,2,14,13
11/19/2013,@,USC,L,25,62,0.403,5,21,0.238,7,18,0.389,11,32,9,4,2,17,20,,25,53,0.472,5,13,0.385,21,30,0.7,7,37,14,4,7,14,20
11/23/2013,@,San Jose State,L,20,54,0.37,5,12,0.417,14,22,0.636,8,32,13,4,2,13,23,,22,59,0.373,11,28,0.393,26,34,0.765,11,37,13,8,6,5,21
11/28/2013,,Marquette,L,23,50,0.46,8,19,0.421,12,17,0.706,3,17,11,5,2,15,16,,34,61,0.557,7,16,0.438,11,17,0.647,15,40,19,6,3,13,19
11/29/2013,N,Miami (FL),L,17,48,0.354,4,18,0.222,8,13,0.615,3,26,11,6,0,11,13,,21,49,0.429,3,19,0.158,3,10,0.3,6,33,7,1,4,13,13
12/1/2013,N,College of Charleston,L,18,58,0.31,5,20,0.25,7,12,0.583,6,29,10,3,3,11,19,,19,46,0.413,4,13,0.308,19,30,0.633,7,37,6,4,6,14,12
12/4/2013,@,Pepperdine,W,30,59,0.508,3,14,0.214,15,22,0.682,10,39,14,2,4,8,15,,24,60,0.4,4,17,0.235,12,18,0.667,8,29,15,3,2,6,21
12/7/2013,,Seattle,L,25,65,0.385,4,24,0.167,11,16,0.688,20,32,10,6,1,14,19,,26,42,0.619,8,14,0.571,14,23,0.609,5,25,18,2,4,12,16
12/15/2013,,Texas Southern,W,31,57,0.544,5,16,0.313,20,26,0.769,7,23,14,4,1,9,23,,24,61,0.393,5,19,0.263,27,32,0.844,20,40,13,3,2,16,21
12/21/2013,,Sacramento State,W,19,45,0.422,6,17,0.353,15,26,0.577,9,36,15,2,1,14,12,,19,55,0.345,9,23,0.391,4,4,1,4,28,11,6,0,11,22
12/28/2013,@,UNLV,L,22,63,0.349,3,15,0.2,17,23,0.739,11,37,10,7,2,9,25,,30,62,0.484,7,14,0.5,16,34,0.471,15,44,17,4,7,12,18
1/4/2014,@,Tulsa,L,19,51,0.373,6,18,0.333,13,20,0.65,9,30,8,5,2,16,23,,24,48,0.5,6,12,0.5,19,31,0.613,5,26,16,9,8,8,19
1/9/2014,,UC-Riverside,W,25,57,0.439,6,18,0.333,22,30,0.733,10,36,9,6,0,13,21,,23,58,0.397,3,13,0.231,24,30,0.8,11,36,9,8,4,13,22
1/16/2014,@,UC-Irvine,L,18,50,0.36,3,20,0.15,15,25,0.6,3,24,9,7,3,8,20,,24,48,0.5,4,10,0.4,20,29,0.69,8,38,18,5,2,12,20
1/18/2014,@,UC-Davis,L,22,58,0.379,3,21,0.143,14,17,0.824,14,37,4,4,3,16,21,,23,48,0.479,7,19,0.368,16,26,0.615,4,25,6,7,6,10,19
1/23/2014,,Cal Poly,L,21,48,0.438,6,20,0.3,8,11,0.727,10,28,12,6,1,12,9,,22,46,0.478,7,12,0.583,7,9,0.778,5,22,9,1,2,9,15
1/25/2014,,UCSB,W,27,54,0.5,9,20,0.45,11,16,0.688,3,27,19,5,2,13,17,,25,54,0.463,7,21,0.333,15,18,0.833,5,28,17,7,4,9,17
2/1/2014,@,Long Beach State,L,20,64,0.313,5,17,0.294,11,23,0.478,14,32,5,4,1,13,21,,27,49,0.551,3,11,0.273,18,24,0.75,6,38,15,7,7,17,22
2/6/2014,@,UC-Riverside,L,23,52,0.442,8,16,0.5,15,23,0.652,5,26,7,6,3,6,16,,29,56,0.518,4,11,0.364,10,18,0.556,11,36,18,3,6,12,21
2/8/2014,@,Cal State Northridge,L (1 OT),24,57,0.421,12,26,0.462,23,37,0.622,10,34,14,4,0,18,31,,25,61,0.41,2,14,0.143,40,47,0.851,13,44,17,10,4,13,27
2/13/2014,,UC-Davis,W,23,49,0.469,7,16,0.438,21,29,0.724,12,34,13,4,2,10,16,,22,53,0.415,7,20,0.35,13,15,0.867,8,24,10,4,0,7,19
2/15/2014,,Hawaii,L,29,65,0.446,6,17,0.353,16,22,0.727,12,27,14,6,4,12,20,,27,54,0.5,5,9,0.556,24,26,0.923,6,29,17,6,2,13,19
2/20/2014,@,Cal Poly,W,21,46,0.457,5,15,0.333,20,30,0.667,4,30,8,5,5,14,20,,19,53,0.358,2,13,0.154,19,30,0.633,9,31,7,7,5,8,26
2/22/2014,@,UCSB,L,21,55,0.382,9,23,0.391,14,19,0.737,5,24,12,0,1,7,18,,26,46,0.565,4,8,0.5,24,32,0.75,4,33,21,3,4,6,17
2/27/2014,,Cal State Northridge,W,28,53,0.528,8,17,0.471,18,31,0.581,7,30,13,3,0,12,24,,28,54,0.519,4,10,0.4,21,29,0.724,6,28,12,2,1,11,24
3/1/2014,,Long Beach State,W,31,55,0.564,7,16,0.438,15,31,0.484,7,21,14,6,1,8,18,,30,64,0.469,4,21,0.19,12,20,0.6,18,39,12,1,2,16,19
3/6/2014,,UC-Irvine,L,15,50,0.3,4,15,0.267,10,16,0.625,10,28,3,3,1,10,12,,27,49,0.551,2,12,0.167,6,7,0.857,5,30,8,4,5,9,16
3/8/2014,@,Hawaii,L,28,65,0.431,7,24,0.292,14,17,0.824,13,33,13,5,2,11,26,,27,55,0.491,3,11,0.273,24,34,0.706,11,32,8,7,4,12,15
3/13/2014,N,Long Beach State,L,20,60,0.333,9,28,0.321,7,13,0.538,12,31,11,6,4,10,18,,21,44,0.477,6,14,0.429,18,28,0.643,6,33,14,3,0,11,13
11/14/2014,@,Santa Clara,L,22,58,0.379,9,23,0.391,19,28,0.679,12,39,12,2,2,14,25,,27,55,0.491,11,16,0.688,24,31,0.774,6,36,13,6,2,8,25
11/16/2014,@,New Mexico,L,24,55,0.436,9,22,0.409,2,7,0.286,4,18,14,2,4,9,29,,19,39,0.487,5,9,0.556,24,36,0.667,9,34,11,1,3,13,16
11/22/2014,,San Jose State,W,22,52,0.423,4,13,0.308,22,29,0.759,6,32,7,7,1,10,10,,26,62,0.419,9,23,0.391,5,9,0.556,11,37,12,3,2,15,23
11/25/2014,@,USC,L,18,56,0.321,7,20,0.35,6,9,0.667,10,36,6,4,2,16,12,,23,59,0.39,3,14,0.214,4,14,0.286,13,40,10,7,8,13,14
11/27/2014,N,Wright State,W,20,46,0.435,3,12,0.25,24,33,0.727,8,40,5,5,5,13,17,,20,54,0.37,6,23,0.261,16,22,0.727,6,29,9,5,1,9,25
11/28/2014,,South Carolina Upstate,L,20,49,0.408,7,23,0.304,17,23,0.739,6,32,7,5,2,17,22,,26,59,0.441,8,20,0.4,19,27,0.704,7,30,18,12,4,9,22
11/29/2014,N,Florida International,W,21,49,0.429,3,14,0.214,19,26,0.731,11,33,10,11,0,13,19,,21,54,0.389,2,13,0.154,17,23,0.739,12,29,11,6,5,14,20
12/3/2014,@,UCLA,L,13,54,0.241,4,20,0.2,15,22,0.682,7,30,9,7,2,15,15,,29,65,0.446,8,19,0.421,7,13,0.538,12,49,18,7,6,14,17
12/6/2014,,Pepperdine,L,21,55,0.382,3,20,0.15,17,22,0.773,9,35,8,5,5,11,20,,25,56,0.446,9,18,0.5,15,24,0.625,7,32,16,3,4,11,22
12/11/2014,@,Sacramento State,L,22,44,0.5,6,18,0.333,9,15,0.6,6,25,16,5,0,15,19,,25,53,0.472,5,15,0.333,18,19,0.947,6,21,14,11,0,9,15
12/13/2014,@,Nevada,W,21,51,0.412,5,13,0.385,18,25,0.72,14,37,10,2,3,8,11,,20,54,0.37,5,16,0.313,10,12,0.833,8,27,12,4,7,9,18
12/18/2014,,Cal State Dominguez Hills,W,25,52,0.481,5,12,0.417,17,25,0.68,12,34,11,5,0,14,12,,17,47,0.362,8,25,0.32,8,8,1,4,23,8,5,4,14,19
12/22/2014,,Texas A&M-Corpus Christi,W,25,54,0.463,8,22,0.364,24,29,0.828,11,31,10,7,3,17,22,,25,50,0.5,8,15,0.533,19,30,0.633,6,23,11,6,4,11,24
12/30/2014,,Cal State East Bay,W,29,64,0.453,6,20,0.3,13,19,0.684,12,43,9,6,1,6,11,,17,59,0.288,7,24,0.292,4,4,1,6,28,10,3,4,11,15
1/3/2015,,Seattle,W,28,60,0.467,9,22,0.409,2,3,0.667,7,29,17,6,1,7,9,,22,48,0.458,6,15,0.4,5,11,0.455,4,27,14,3,2,14,10
1/8/2015,@,UC-Riverside,L (1 OT),30,63,0.476,6,18,0.333,12,19,0.632,6,38,9,2,6,12,23,,28,67,0.418,9,22,0.409,19,33,0.576,9,35,17,9,3,7,18
1/15/2015,,UC-Irvine,L,21,50,0.42,3,11,0.273,13,22,0.591,9,39,11,4,1,16,14,,23,58,0.397,4,12,0.333,13,18,0.722,8,30,15,7,3,10,16
1/17/2015,,UC-Davis,L,19,55,0.345,5,17,0.294,25,34,0.735,11,32,7,9,0,8,19,,26,49,0.531,9,19,0.474,18,23,0.783,4,31,17,2,0,15,27
1/22/2015,@,Cal Poly,L,23,59,0.39,3,16,0.188,6,14,0.429,11,33,7,1,4,9,20,,24,56,0.429,2,16,0.125,16,25,0.64,10,33,5,7,5,7,13
1/24/2015,@,UCSB,L,18,58,0.31,7,23,0.304,6,13,0.462,12,28,10,1,0,10,21,,23,51,0.451,7,20,0.35,15,23,0.652,11,37,15,3,6,11,13
1/29/2015,,Long Beach State,L (1 OT),30,66,0.455,11,27,0.407,14,18,0.778,12,35,14,6,1,19,23,,32,66,0.485,8,22,0.364,19,29,0.655,9,34,16,11,1,11,17
2/5/2015,,Cal State Northridge,W,25,53,0.472,5,15,0.333,14,18,0.778,11,36,7,4,0,11,18,,18,50,0.36,2,8,0.25,15,19,0.789,5,25,8,3,5,11,17
2/7/2015,,UC-Riverside,L (1 OT),22,65,0.338,4,12,0.333,18,24,0.75,9,33,9,13,0,8,19,,26,50,0.52,8,19,0.421,11,18,0.611,3,37,13,4,5,22,24
2/12/2015,@,UC-Davis,L,25,55,0.455,4,16,0.25,15,21,0.714,10,27,11,7,1,12,27,,20,46,0.435,7,16,0.438,28,39,0.718,7,28,11,7,0,11,19
2/14/2015,@,Hawaii,L,20,56,0.357,4,21,0.19,17,20,0.85,9,30,9,4,1,14,16,,29,58,0.5,10,23,0.435,13,17,0.765,7,30,14,10,5,6,17
2/19/2015,,Cal Poly,L,24,44,0.545,3,4,0.75,3,8,0.375,5,27,9,4,2,14,16,,22,47,0.468,8,17,0.471,13,16,0.813,5,19,9,7,4,7,11
2/21/2015,,UCSB,L,19,47,0.404,4,7,0.571,12,15,0.8,4,24,10,3,3,10,17,,27,55,0.491,7,17,0.412,8,12,0.667,6,29,15,5,5,7,17
2/26/2015,@,Cal State Northridge,L,28,57,0.491,6,15,0.4,10,18,0.556,4,25,17,4,5,11,23,,25,52,0.481,6,11,0.545,26,30,0.867,5,29,19,7,3,9,15
2/28/2015,@,Long Beach State,L,15,46,0.326,2,14,0.143,15,27,0.556,6,29,6,6,3,16,13,,26,56,0.464,9,26,0.346,9,11,0.818,4,36,13,6,4,12,22
3/5/2015,@,UC-Irvine,L,23,60,0.383,6,13,0.462,10,15,0.667,9,33,9,5,2,10,23,,19,44,0.432,7,21,0.333,23,32,0.719,6,32,15,5,10,10,16
3/7/2015,,Hawaii,L,25,62,0.403,6,20,0.3,14,22,0.636,12,28,9,4,2,17,20,,32,57,0.561,7,19,0.368,20,28,0.714,11,35,19,7,4,14,20
11/13/2015,@,Loyola Marymount,L,27,57,0.474,6,16,0.375,14,19,0.737,9,39,18,4,2,18,26,,25,72,0.347,6,24,0.25,23,29,0.793,14,37,13,6,4,10,22
11/17/2015,@,Pacific,W,24,54,0.444,9,23,0.391,20,27,0.741,5,30,11,4,1,11,25,,26,60,0.433,9,27,0.333,15,22,0.682,11,39,16,5,1,12,23
11/21/2015,,San Diego,W,23,50,0.46,7,14,0.5,14,20,0.7,6,24,11,7,1,9,18,,18,48,0.375,6,24,0.25,13,16,0.813,10,34,11,2,3,19,17
11/24/2015,@,Southern Utah,W,23,56,0.411,10,22,0.455,24,36,0.667,8,41,9,7,4,11,20,,23,66,0.348,8,23,0.348,12,17,0.706,10,38,14,2,5,12,23
11/28/2015,,Nevada,W,25,64,0.391,6,20,0.3,19,23,0.826,9,34,13,10,5,11,17,,23,59,0.39,7,20,0.35,13,14,0.929,9,39,14,7,7,19,20
12/1/2015,,Cal State Dominguez Hills,W,34,71,0.479,8,23,0.348,12,18,0.667,11,52,19,6,6,7,10,,24,72,0.333,4,24,0.167,4,8,0.5,8,36,11,4,4,8,15
12/4/2015,@,Seattle,W,24,65,0.369,9,32,0.281,13,18,0.722,11,34,10,10,1,10,17,,19,52,0.365,7,19,0.368,16,20,0.8,9,37,10,4,1,19,19
12/6/2015,@,Washington,L,21,61,0.344,7,19,0.368,20,31,0.645,14,35,8,10,2,19,24,,29,65,0.446,11,26,0.423,18,28,0.643,15,39,18,8,11,17,21
12/12/2015,,Loyola Marymount,L,22,53,0.415,8,21,0.381,18,28,0.643,10,28,12,1,1,13,19,,32,59,0.542,10,19,0.526,8,13,0.615,8,27,21,4,3,9,22
12/18/2015,N,Oregon State,L,22,52,0.423,9,23,0.391,16,29,0.552,8,29,10,3,0,10,23,,26,54,0.481,8,20,0.4,22,29,0.759,10,35,14,2,2,10,20
12/19/2015,N,Portland,L,22,57,0.386,7,18,0.389,9,21,0.429,11,39,8,6,1,16,22,,20,56,0.357,7,22,0.318,18,26,0.692,10,35,14,6,5,12,23
12/29/2015,@,Portland State,L,31,65,0.477,10,22,0.455,10,15,0.667,9,29,14,6,0,18,25,,30,57,0.526,6,13,0.462,23,31,0.742,7,29,20,7,6,10,21
1/2/2016,,Cal State East Bay,W,23,53,0.434,4,16,0.25,25,35,0.714,11,42,10,5,2,12,14,,18,59,0.305,8,36,0.222,8,11,0.727,6,29,12,6,3,14,25
1/7/2016,@,UC-Riverside,W,21,48,0.438,8,19,0.421,29,39,0.744,7,29,10,7,2,10,19,,24,58,0.414,10,28,0.357,15,20,0.75,9,29,12,4,3,12,28
1/9/2016,,Cal State Northridge,L,20,65,0.308,9,27,0.333,26,29,0.897,15,34,8,6,1,18,28,,26,48,0.542,2,9,0.222,31,39,0.795,5,31,12,7,4,19,24
1/16/2016,,Hawaii,L (1 OT),22,48,0.458,4,15,0.267,31,39,0.795,8,28,8,6,2,18,29,,26,60,0.433,9,28,0.321,25,29,0.862,12,29,17,10,0,17,26
1/20/2016,@,UC-Irvine,L,18,50,0.36,4,18,0.222,19,26,0.731,3,27,5,4,1,7,15,,27,59,0.458,9,28,0.321,9,14,0.643,9,38,15,3,2,7,18
1/23/2016,,Cal Poly,L,24,58,0.414,5,17,0.294,22,29,0.759,12,34,7,2,0,11,26,,22,54,0.407,10,24,0.417,29,38,0.763,7,26,11,4,7,2,21
1/27/2016,@,UC-Davis,L,20,46,0.435,6,17,0.353,18,25,0.72,6,32,8,6,4,16,19,,25,57,0.439,7,16,0.438,12,17,0.706,8,29,9,4,1,10,19
1/30/2016,,UC-Riverside,L,27,64,0.422,5,14,0.357,12,19,0.632,17,32,10,5,1,14,25,,23,48,0.479,5,17,0.294,30,34,0.882,8,26,12,7,4,12,20
2/4/2016,,UC-Davis,W,21,59,0.356,3,17,0.176,16,24,0.667,14,49,9,2,1,14,18,,17,56,0.304,5,22,0.227,18,21,0.857,5,31,8,3,1,11,20
2/6/2016,@,UCSB,L,21,55,0.382,7,23,0.304,19,24,0.792,7,32,8,2,0,10,17,,28,59,0.475,12,24,0.5,13,17,0.765,7,35,21,1,5,9,20
2/10/2016,@,Cal State Northridge,L,25,61,0.41,3,14,0.214,14,27,0.519,12,36,8,5,1,15,26,,23,56,0.411,4,16,0.25,25,35,0.714,12,40,11,7,7,14,24
2/13/2016,@,Hawaii,L,19,60,0.317,4,20,0.2,17,32,0.531,14,40,4,4,1,12,28,,24,61,0.393,8,25,0.32,20,34,0.588,12,45,15,7,6,9,24
2/17/2016,,UC-Irvine,L,28,55,0.509,12,25,0.48,9,12,0.75,5,24,17,5,1,11,19,,34,56,0.607,13,24,0.542,15,20,0.75,6,29,27,4,3,9,10
2/20/2016,@,Long Beach State,L,20,50,0.4,5,20,0.25,12,22,0.545,9,40,7,2,0,17,18,,26,62,0.419,7,21,0.333,11,20,0.55,9,31,14,8,2,5,19
2/25/2016,@,Cal Poly,W,29,53,0.547,8,15,0.533,12,19,0.632,8,32,17,2,1,12,15,,26,59,0.441,10,26,0.385,15,22,0.682,10,27,12,7,5,3,17
2/27/2016,,UCSB,L,22,59,0.373,6,25,0.24,12,13,0.923,7,26,6,2,1,9,11,,33,60,0.55,13,25,0.52,1,2,0.5,5,28,19,5,2,8,12
3/2/2016,,Long Beach State,L,23,57,0.404,3,14,0.214,24,31,0.774,12,39,11,3,3,15,20,,25,57,0.439,8,22,0.364,17,24,0.708,6,30,16,8,3,9,23
3/10/2016,N,Hawaii,L,17,57,0.298,1,13,0.077,9,13,0.692,7,33,8,5,2,12,17,,30,64,0.469,9,25,0.36,6,14,0.429,13,44,17,10,8,9,15
11/11/2016,,Cal Tech,W,28,52,0.538,7,18,0.389,14,21,0.667,7,44,18,10,6,15,9,,12,55,0.218,4,22,0.182,0,3,0,4,24,7,7,1,20,17
11/13/2016,,Portland State,W (2 OT),36,73,0.493,12,31,0.387,22,26,0.846,12,39,24,5,3,17,19,,37,71,0.521,11,23,0.478,15,21,0.714,7,32,21,7,3,15,22
11/17/2016,@,Washington,L,27,53,0.509,9,19,0.474,25,35,0.714,1,16,14,9,3,11,27,,33,54,0.611,9,20,0.45,29,38,0.763,5,30,14,6,6,16,27
11/19/2016,@,UNLV,L,23,56,0.411,6,18,0.333,16,24,0.667,10,34,7,2,4,17,27,,22,51,0.431,7,19,0.368,26,32,0.813,1,25,12,4,3,9,19
11/25/2016,N,Jacksonville State,L,10,39,0.256,4,15,0.267,14,20,0.7,4,23,3,4,0,14,21,,20,50,0.4,8,24,0.333,13,18,0.722,10,36,10,7,4,12,20
11/26/2016,N,Alabama State,L (1 OT),20,51,0.392,1,18,0.056,26,38,0.684,8,31,8,6,3,23,25,,23,60,0.383,9,24,0.375,21,28,0.75,12,38,13,9,2,23,30
11/30/2016,,Omaha,L,27,62,0.435,8,30,0.267,11,24,0.458,8,33,16,10,6,16,24,,26,62,0.419,6,16,0.375,25,27,0.926,8,39,10,5,2,15,19
12/3/2016,,Pacific,W,27,51,0.529,2,14,0.143,22,33,0.667,6,29,13,6,5,10,27,,26,52,0.5,5,10,0.5,20,28,0.714,7,30,14,1,0,14,26
12/7/2016,@,San Diego,L,29,55,0.527,4,14,0.286,13,22,0.591,6,31,9,5,7,14,23,,25,59,0.424,11,24,0.458,21,28,0.75,6,24,11,3,3,8,21
12/10/2016,,Southern Utah,W,24,51,0.471,6,13,0.462,21,29,0.724,8,35,14,5,8,16,19,,22,61,0.361,6,27,0.222,12,15,0.8,7,29,8,5,2,13,23
12/18/2016,@,Omaha,L (1 OT),36,75,0.48,8,18,0.444,16,24,0.667,10,41,15,8,2,16,36,,29,67,0.433,10,24,0.417,34,43,0.791,11,35,15,7,5,13,17
12/22/2016,,Portland,W (1 OT),29,73,0.397,14,32,0.438,5,13,0.385,16,45,16,4,2,15,20,,24,58,0.414,12,28,0.429,12,17,0.706,7,29,13,4,4,12,16
12/30/2016,,Bethesda University (CA),W,37,75,0.493,9,29,0.31,16,38,0.421,18,69,25,4,6,15,16,,19,79,0.241,8,34,0.235,10,15,0.667,8,37,11,6,2,11,25
1/5/2017,,Hawaii,W,24,53,0.453,2,12,0.167,17,27,0.63,9,38,10,6,1,16,23,,22,64,0.344,4,21,0.19,16,23,0.696,16,36,11,3,2,13,22
1/7/2017,,Cal State Northridge,L,26,57,0.456,4,15,0.267,9,15,0.6,7,30,9,6,3,15,21,,24,56,0.429,6,14,0.429,16,25,0.64,9,37,15,7,2,11,20
1/12/2017,@,Cal Poly,W,29,45,0.644,8,14,0.571,21,29,0.724,5,31,12,6,5,17,21,,26,62,0.419,6,17,0.353,16,22,0.727,9,21,11,9,4,10,21
1/14/2017,@,UC-Irvine,L,19,51,0.373,3,14,0.214,26,34,0.765,7,19,7,7,2,14,22,,33,53,0.623,5,15,0.333,16,26,0.615,10,33,16,8,6,17,26
1/18/2017,,UC-Riverside,L,22,56,0.393,9,27,0.333,10,12,0.833,11,34,14,4,5,22,20,,27,54,0.5,7,17,0.412,10,18,0.556,4,24,17,9,2,13,14
1/26/2017,@,Long Beach State,L,23,65,0.354,4,18,0.222,15,24,0.625,13,30,10,7,4,15,24,,24,46,0.522,9,20,0.45,19,28,0.679,4,27,12,5,10,17,20
1/28/2017,,Cal Poly,W,25,46,0.543,5,12,0.417,26,29,0.897,5,31,16,3,4,19,19,,20,52,0.385,9,29,0.31,22,27,0.815,5,17,12,8,2,11,20
2/2/2017,@,UCSB,W,30,60,0.5,9,25,0.36,10,16,0.625,10,36,14,7,2,9,15,,19,54,0.352,3,12,0.25,12,19,0.632,9,33,7,5,0,11,16
2/8/2017,@,UC-Davis,L,23,58,0.397,7,21,0.333,12,19,0.632,10,30,12,8,3,22,25,,20,44,0.455,7,15,0.467,27,36,0.75,5,24,10,9,4,16,17
2/11/2017,,Long Beach State,W,28,52,0.538,6,16,0.375,12,17,0.706,8,23,11,9,5,15,17,,27,57,0.474,5,13,0.385,10,17,0.588,9,28,14,3,2,16,19
2/16/2017,@,UC-Riverside,W,19,61,0.311,6,21,0.286,12,15,0.8,10,32,10,9,3,15,18,,22,52,0.423,3,17,0.176,8,10,0.8,4,30,13,9,7,20,18
2/18/2017,,UC-Davis,W,25,48,0.521,6,21,0.286,23,33,0.697,5,25,10,12,7,16,24,,25,58,0.431,8,18,0.444,14,20,0.7,5,24,9,8,4,20,24
2/22/2017,,UC-Irvine,W,22,70,0.314,4,21,0.19,8,14,0.571,16,41,10,8,2,12,19,,17,49,0.347,8,20,0.4,12,21,0.571,5,34,8,6,4,15,17
2/25/2017,@,Hawaii,L (1 OT),22,60,0.367,2,20,0.1,12,17,0.706,11,33,5,11,4,15,26,,20,49,0.408,5,21,0.238,19,31,0.613,9,32,11,7,6,17,18
3/2/2017,,UCSB,W,24,57,0.421,9,32,0.281,8,11,0.727,9,31,12,7,1,8,13,,20,45,0.444,4,14,0.286,10,17,0.588,5,29,13,6,1,12,13
3/4/2017,@,Cal State Northridge,W,27,54,0.5,7,18,0.389,25,33,0.758,6,34,9,7,3,14,13,,32,69,0.464,4,18,0.222,10,15,0.667,10,31,11,9,0,11,25
3/9/2017,N,Cal State Northridge,W,29,53,0.547,4,9,0.444,19,22,0.864,5,27,13,13,2,16,11,,27,58,0.466,4,18,0.222,10,11,0.909,4,21,14,6,2,19,19
3/10/2017,N,UC-Davis,L (1 OT),22,67,0.328,5,20,0.25,15,18,0.833,8,33,8,10,2,7,21,,24,61,0.393,2,18,0.111,16,23,0.696,14,44,6,4,8,12,17
3/16/2017,,Weber State,L,29,71,0.408,6,26,0.231,12,15,0.8,13,40,13,5,4,9,21,,24,61,0.393,7,27,0.259,25,27,0.926,8,36,15,4,2,11,14
11/10/2017,@,USC,L,14,60,0.233,2,19,0.105,12,29,0.414,12,40,4,4,3,19,19,,28,68,0.412,10,24,0.417,18,25,0.72,11,46,11,6,9,13,25
11/15/2017,@,Saint Mary's (CA),L,22,50,0.44,1,11,0.091,12,19,0.632,10,32,10,4,6,21,19,,27,56,0.482,7,18,0.389,15,17,0.882,5,22,17,9,4,8,21
11/18/2017,,Bethesda University (CA),W,31,77,0.403,9,30,0.3,6,13,0.462,19,55,19,9,2,9,17,,10,53,0.189,1,25,0.04,14,19,0.737,4,31,4,4,3,17,11
11/23/2017,,Georgia,L,16,45,0.356,5,18,0.278,20,28,0.714,2,17,8,2,2,9,23,,19,45,0.422,4,12,0.333,22,29,0.759,11,38,9,1,3,15,21
11/24/2017,N,Sacramento State,W,22,42,0.524,4,9,0.444,20,23,0.87,3,30,15,6,5,16,15,,26,64,0.406,7,22,0.318,4,7,0.571,8,28,19,4,1,12,18
11/26/2017,,Harvard,W,21,39,0.538,5,14,0.357,23,30,0.767,3,27,12,7,3,18,14,,24,56,0.429,8,22,0.364,5,11,0.455,6,22,15,3,2,16,21
12/2/2017,,Cal Lutheran,W,35,67,0.522,5,18,0.278,11,13,0.846,14,44,18,3,2,9,8,,21,59,0.356,7,28,0.25,9,13,0.692,6,22,13,6,1,11,12
12/6/2017,@,Portland,W,25,54,0.463,6,14,0.429,20,27,0.741,5,30,12,8,5,15,22,,23,53,0.434,5,24,0.208,15,22,0.682,5,26,15,6,7,16,22
12/9/2017,,Utah Valley,W,31,57,0.544,10,19,0.526,19,30,0.633,8,29,16,10,0,13,21,,30,54,0.556,9,23,0.391,14,24,0.583,7,31,14,6,2,17,25
12/16/2017,@,University of California,L (1 OT),29,60,0.483,12,24,0.5,19,25,0.76,8,34,14,6,4,18,28,,28,64,0.438,7,19,0.368,32,42,0.762,14,39,15,10,5,14,22
12/22/2017,@,Loyola Marymount,W,28,49,0.571,6,16,0.375,26,31,0.839,10,29,20,13,4,20,17,,28,64,0.438,7,22,0.318,17,20,0.85,14,28,14,8,4,19,23
12/30/2017,@,Utah Valley,L,18,53,0.34,3,13,0.231,39,47,0.83,9,35,9,6,4,14,24,,24,60,0.4,9,24,0.375,30,36,0.833,7,33,17,6,5,11,26
1/3/2018,,UC-Riverside,W,27,50,0.54,3,13,0.231,11,13,0.846,5,33,15,4,4,13,15,,20,59,0.339,10,22,0.455,15,17,0.882,9,24,12,2,6,7,20
1/6/2018,@,Cal Poly,W (1 OT),36,62,0.581,3,8,0.375,26,42,0.619,10,40,11,4,4,15,19,,31,73,0.425,19,39,0.487,16,19,0.842,9,31,15,7,9,12,27
1/11/2018,@,UC-Irvine,W,19,42,0.452,6,16,0.375,23,31,0.742,3,27,9,6,1,16,12,,24,54,0.444,7,14,0.5,9,12,0.75,4,29,13,9,3,14,22
1/13/2018,,UC-Davis,W,28,57,0.491,10,20,0.5,19,25,0.76,8,29,15,6,2,11,24,,22,52,0.423,3,15,0.2,23,31,0.742,8,30,9,4,5,18,22
1/17/2018,@,UCSB,L,21,46,0.457,7,15,0.467,15,21,0.714,4,24,13,2,1,15,12,,34,61,0.557,9,21,0.429,6,9,0.667,8,28,23,8,2,7,14
1/20/2018,@,Long Beach State,L,29,66,0.439,6,17,0.353,9,13,0.692,12,30,7,8,3,12,18,,29,62,0.468,11,21,0.524,12,17,0.706,13,37,15,9,3,15,15
1/25/2018,,UCSB,L,22,53,0.415,4,16,0.25,17,23,0.739,7,34,16,3,4,16,20,,20,57,0.351,4,17,0.235,26,30,0.867,10,35,8,6,1,11,17
1/28/2018,@,Hawaii,W,27,44,0.614,8,15,0.533,7,12,0.583,0,21,10,6,3,14,15,,25,57,0.439,6,17,0.353,10,12,0.833,10,29,10,5,2,10,15
2/3/2018,,UC-Irvine,L,19,58,0.328,5,18,0.278,15,20,0.75,10,32,8,8,2,10,19,,22,57,0.386,3,14,0.214,16,19,0.842,9,38,14,7,4,13,23
2/8/2018,,Cal Poly,W,27,53,0.509,5,13,0.385,16,19,0.842,5,28,16,14,5,12,13,,22,56,0.393,5,17,0.294,10,12,0.833,6,22,10,4,4,16,13
2/10/2018,@,UC-Davis,W,23,41,0.561,7,16,0.438,15,20,0.75,2,31,8,5,7,19,18,,24,59,0.407,2,16,0.125,16,19,0.842,5,22,9,10,0,7,16
2/17/2018,,Cal State Northridge,W,30,60,0.5,7,16,0.438,21,26,0.808,10,32,21,8,2,8,14,,27,51,0.529,8,13,0.615,8,14,0.571,6,26,15,2,2,18,25
2/21/2018,@,UC-Riverside,L,24,53,0.453,2,13,0.154,15,22,0.682,9,33,7,6,4,19,24,,22,55,0.4,4,15,0.267,21,28,0.75,9,24,9,7,6,10,21
2/24/2018,,Long Beach State,W,30,57,0.526,6,17,0.353,15,17,0.882,4,27,16,6,5,11,21,,25,60,0.417,5,16,0.313,16,22,0.727,13,34,10,3,3,13,18
2/28/2018,@,Cal State Northridge,W,40,70,0.571,4,10,0.4,18,24,0.75,14,45,20,11,2,9,10,,28,64,0.438,9,26,0.346,11,12,0.917,4,20,14,7,4,13,14
3/3/2018,,Hawaii,L,21,52,0.404,2,17,0.118,16,21,0.762,4,29,8,3,3,13,19,,22,53,0.415,8,19,0.421,16,24,0.667,10,36,14,5,1,11,20
3/8/2018,N,Long Beach State,W,27,50,0.54,2,8,0.25,20,25,0.8,3,29,16,7,4,15,25,,22,63,0.349,5,11,0.455,25,32,0.781,15,38,8,5,2,13,20
3/9/2018,N,UC-Davis,W,20,47,0.426,1,13,0.077,14,20,0.7,7,35,12,6,2,15,17,,19,52,0.365,7,18,0.389,7,12,0.583,8,31,7,4,1,12,23
3/10/2018,N,UC-Irvine,W,24,57,0.421,7,16,0.438,16,20,0.8,4,34,11,7,3,5,12,,19,61,0.311,5,19,0.263,12,14,0.857,9,39,8,2,6,11,17
